Marek,Grzybek,marek,c,MENTOR
Agnieszka,Koszany,agi,c,MENTOR
Dominik,Starzyk,dominik,c,MENTOR
Rafał,Stępień,rafal,c,MENTOR
Marcin,Izworski,marcin,c,MENTOR
Mateusz,Steliga,mateusz_s,c,MENTOR
Piotr,Tomaszewski,piotr,c,MENTOR
Konrad,Gadzina,konrad,c,MENTOR
Mateusz,Ostafil,mateusz_o,c,MENTOR
nowy,mentor,n,n,MENTOR
Jerzy,Mardaus,jerzy,c,MANAGER
Miriam,Surname,miriam,c,REGULAR_EMPLOYEE
Kati,Surname,kati,c,REGULAR_EMPLOYEE
